Feature,Importance
Cluster,0.2807308768114518
previous_purchases,0.23344115402235055
purchase_frequency_days,0.14451306287889362
age,0.13355841207233163
purchase_amount,0.11615636412404678
review_rating,0.09160013009092563
